{"cameraMode":{"drawMode":0,"name":"Shaded","section":"Shading Mode"},"sceneLighting":true,"audioPlay":false,"sceneViewState":{"showFog":true,"showMaterialUpdate":false,"showSkybox":true,"showFlares":true,"showImageEffects":true,"showParticleSystems":true},"in2DMode":false,"pivot":{"x":-2.086162567138672e-7,"y":0.46733543276786806,"z":-0.03804263472557068},"rotation":{"x":-0.07232610881328583,"y":-0.7499820590019226,"z":0.08311527222394943,"w":-0.6522766947746277},"size":0.5576795935630798,"orthographic":false}